"","zona1","zona2"
"1",1412.94559064216,1110.21051353829
"2",1070.83151793842,704.023173972711
"3",747.481257806755,1112.77657776226
"4",90.3243615533462,1196.41476484728
"5",564.346147069547,1010.5795671773
"6",793.451194269151,1128.19741411497
"7",1161.70303827128,1148.77488273005
"8",1361.09350878577,1097.71428469726
"9",767.523346072922,882.552585153611
"10",1136.73615598738,1116.48414522012
"11",517.256180590378,812.764034863803
"12",518.979067041505,953.306178671468
"13",571.680432237153,901.843897706711
"14",366.86533486925,940.991796276632
"15",1182.37958740817,1132.82381115071
"16",1398.09944250899,1083.23792391078
"17",698.827471743316,984.594282339881
"18",855.778517311139,772.667175407033
"19",555.477426557028,1004.55485475465
"20",725.732711198853,978.390617096725
"21",1635.31544275021,830.627758653971
"22",935.329361027863,864.284155295382
"23",1330.78105716079,1023.91229277822
"24",1289.66408734043,904.620411982765
"25",1006.0981322715,877.70923725589
"26",914.231022846899,883.499730407562
"27",1920.31441182172,804.645172057899
"28",1697.03690078785,999.42287185494
"29",1200.88446477894,834.938719458751
"30",1550.44248748708,1055.36103756354
"31",719.897337569736,909.49283386836
"32",1457.9720215954,1021.05394815703
"33",713.973241857986,1155.17322974013
"34",2453.36010035144,1209.27298861984
"35",1495.22080089319,541.058049039308
"36",1093.44511373556,1233.60604650503
"37",1246.72999432246,1014.28576609125
"38",1403.68051508946,1000.62397035404
"39",1423.07802380426,967.011025295949
"40",493.003303064455,907.415306284112
"41",1062.83594724792,1008.9438069341
"42",1695.16411672851,805.802943802073
"43",932.989355280107,1261.41973007178
"44",762.442307676344,986.112294882287
"45",352.921772153367,866.999034780445
"46",1131.9676448428,1079.49770461541
"47",827.420075054498,862.366862355461
"48",827.301359425735,979.205283172536
"49",1205.75489814861,979.274550900616
"50",1232.86379240713,876.588566941522
"51",1444.49669939009,1135.36055893457
"52",3635.27708457707,856.248035441155
"53",1225.81561752067,1034.81019588271
"54",861.290737554547,1107.89902567161
"55",687.981077678579,804.162652775721
"56",151.055960917685,1253.42389204283
"57",581.387282252971,817.546357561156
"58",1303.16775521497,1130.95821476892
"59",108.065721369597,1051.18883417011
"60",1138.57021229527,941.610061932128
"61",2426.71067647162,760.511207179504
"62",679.030547238178,1087.04704941156
"63",961.093772082364,1242.62724323874
"64",385.369871359856,1096.74224282299
"65",1383.28154754249,859.582442382144
"66",109.232219244979,637.634494518669
"67",689.219732623456,830.63853313183
"68",1953.41362158852,607.401687556772
"69",612.926748335688,1090.64194652881
"70",478.54244959831,1042.87528627925
"71",2228.48714521805,930.585068922583
"72",1025.48244271881,1135.21015686975
"73",277.154272988257,1166.2509060536
"74",331.282180882823,927.538302717099
"75",1293.02656428543,975.85197965163
"76",1097.60944579541,961.665656463573
"77",1705.41914331545,1031.3712543243
"78",2476.77204353427,940.299735213609
"79",680.154514352221,992.973963615695
"80",916.389631335159,1176.23403263706
"81",1235.00897927508,852.915093451031
"82",245.252637529915,936.813991774596
"83",524.012658796518,874.951125242334
"84",651.234514878517,964.457778332052
"85",565.956926477859,1226.44727607723
"86",2010.32169500088,946.169807153451
"87",227.127972526833,784.368668336233
"88",2224.80369089794,1028.53917325985
"89",92.1473384101755,1014.78060034248
"90",1099.40586205136,1042.62046336802
"91",698.586940639186,1066.99413878144
"92",2085.24731588524,981.45600702078
"93",525.328630467143,1276.80782886714
"94",981.298307323765,1069.01313935088
"95",810.117815627538,1013.34814082685
"96",501.269298353173,1021.32355215991
"97",497.731838623739,1001.00358278424
"98",465.3999942282,890.815896149991
"99",3452.64156061959,904.621232027995
"100",2014.71775908252,1018.63775214403
"101",1016.05284818233,990.098693772378
"102",1265.91765617511,1023.16313365127
"103",494.31543383029,1125.76581778347
"104",1084.70582963286,761.295246702971
"105",660.669312365191,1062.16226797994
"106",527.63708185339,1231.34337871471
"107",575.091398357387,1032.45073673488
"108",1778.96818908412,1019.32175885534
"109",1590.60289561755,952.116479478127
"110",1224.43328872644,1077.31905800054
"111",1532.95555667042,942.884594293367
"112",585.962318532616,1150.75798703716
"113",1342.15282550035,1018.6026952999
"114",1089.16051903373,1195.60073162524
"115",1897.55490518268,1006.02398147182
"116",167.862960295544,997.046377247817
"117",1096.11503120855,934.697670963172
"118",721.244657718821,1146.15627198413
"119",236.916553751211,813.777458269805
"120",2135.80151991239,888.418799421785
"121",1235.32862486047,984.735205559629
"122",1229.27463816389,929.706377408505
"123",1609.9744321274,951.185286064302
"124",405.045935871089,857.191859224503
"125",1205.57435256882,794.691818761339
"126",3461.98872145578,1225.50055410539
"127",751.842305229891,1049.64185423058
"128",367.911829044091,986.272062796412
"129",1436.51995270907,943.986994083511
"130",598.364434470023,850.788146572678
"131",367.135170302633,1012.35004685744
"132",1090.47853023911,969.672728339779
"133",412.236604192675,1164.30376067109
"134",2077.26322128631,835.176759942708
"135",836.303007790844,1036.13555038564
"136",1104.39274947929,1213.76273363528
"137",1059.06331467997,920.624097710106
"138",65.165602387673,1238.8198533454
"139",663.193902712424,908.296257757898
"140",711.897307088572,909.596965100286
"141",1466.08947849745,1041.03856031035
"142",535.964812462292,1002.98770705673
"143",1240.80202420621,997.21020463738
"144",1183.7865133837,1044.34617872644
"145",452.844170918185,872.029751604387
"146",672.806515589307,1127.63481441244
"147",658.162276090508,1180.32555569358
"148",290.640666197711,1187.89302948018
"149",622.670950822873,681.453382181636
"150",1152.86418782131,1075.76526246819
"151",464.707834688453,873.870054398964
"152",1449.76536203901,1317.28607818037
"153",400.232711839996,1085.55314806779
"154",2795.09594045199,959.836005082874
"155",1026.84487733138,854.356158761104
"156",642.665493794487,1255.11880927366
"157",2203.12911165457,1096.05797714447
"158",1760.56620173526,852.057945504266
"159",480.720781859971,996.410144210852
"160",1048.22698748325,956.944791483632
"161",742.690591517389,957.580856039316
"162",1943.27554286654,940.698717308455
"163",678.523832712906,775.625144246545
"164",1207.38847491513,1193.02794775303
"165",3022.41009906463,748.901910266533
"166",1327.5630031415,944.61413285464
"167",1430.11695295465,1198.09214370855
"168",725.208465060141,739.389917293183
"169",1136.68953682231,831.386003696236
"170",381.872896565514,782.930933916898
"171",251.805312528381,1043.38870454638
"172",755.756858087111,1044.92780924423
"173",681.929404838509,849.376632899162
"174",292.778636567278,993.613981855984
"175",721.620945154046,890.054060152214
"176",919.428445293845,1161.50544871939
"177",1130.63711120137,1035.84179387639
"178",1967.67961528653,1133.31221779773
"179",339.571083660122,1029.60215622887
"180",472.870134163463,1070.14236557191
"181",815.72445135019,718.117119175111
"182",975.822012435693,981.478856914409
"183",913.420099744824,952.905114825084
"184",1006.62578596273,729.31730209839
"185",1816.12135157787,1106.36495595268
"186",1971.6875814078,769.897936594009
"187",905.23773323751,1020.02150802534
"188",2808.31317420716,890.317667174324
"189",1648.46972317245,1316.56077152465
"190",342.154906330575,801.19240831433
"191",426.350379794592,844.90620286924
"192",819.074292275016,1098.6176560616
"193",2067.14388142847,825.571038279104
"194",841.615888644448,620.500107952397
"195",1714.26007754827,870.867952562705
"196",585.235611171781,1028.49670232842
"197",737.113298225903,808.117093770601
"198",241.708163620544,945.24312414541
"199",309.514824947641,1101.09936523733
"200",652.084796703938,874.988998642748
"201",306.058467239742,793.545918827067
"202",1747.4684671358,735.995362782048
"203",855.637904353643,1102.02670279169
"204",819.875190832162,1025.88545929968
"205",1350.05218741923,1255.52811615895
"206",870.659316113962,1180.62428752747
"207",2014.14850549879,871.163051999299
"208",979.635384528817,1070.00078306067
"209",404.135443164914,1098.88734388122
"210",1172.21267791397,933.04515369891
"211",917.521214600561,946.894548697901
"212",1383.00423584339,874.963555744819
"213",820.031688159834,946.024459029693
"214",1224.28693990344,1244.33582240554
"215",954.524469259955,942.384755653433
"216",1134.83228193,1064.82059340384
"217",270.852115223988,1093.579462662
"218",1188.7986078107,1050.86800247081
"219",2094.22642264086,921.094251435239
"220",1188.0399137763,911.173945795123
"221",1326.68673294036,1133.01238987275
"222",680.416576787634,1174.62564021023
"223",977.143125546628,863.073676158824
"224",274.156630669742,926.493826911273
"225",1228.90793415356,1091.75754182071
"226",707.564743500828,1204.94748404739
"227",215.800046287689,987.148509201655
"228",1262.53610804904,1009.17001623988
"229",762.002696541983,981.065544534912
"230",424.851267038543,1291.29493098702
"231",1446.96163019129,1046.05086892485
"232",457.721904264782,1209.71442410412
"233",1256.75303252669,1089.78190320967
"234",553.580014748021,1253.41002484228
"235",1353.33476557319,998.117834370494
"236",605.512034216277,1099.00516154219
"237",1106.01646584502,732.794442371198
"238",473.397045358654,1145.74529038871
"239",1222.99999385026,1008.31791317408
"240",344.698241633288,1036.85958567472
"241",390.994660967973,1016.37842345431
"242",451.2436950158,1071.70724442216
"243",345.703632301476,1153.86233161498
"244",979.43777242249,1020.62646814962
"245",290.058379981886,1213.58859510464
"246",1113.07225690912,1008.2617212491
"247",863.912010880648,769.100650549881
"248",332.190348447471,895.64818180731
"249",1234.29614395324,979.906728822708
"250",718.224384689128,1036.61645270025
"251",2152.31025509627,986.377691750073
"252",1690.60904348919,875.238355420584
"253",1283.41297716482,1005.16440596304
"254",1275.61937729948,1030.45930929982
"255",378.353842133082,921.046001314006
"256",1424.64458188547,1081.63446325602
"257",747.773933380608,982.829807455964
"258",912.643576043487,1155.26437570123
"259",939.58721674987,1234.4679871064
"260",415.169145289085,894.184192396277
"261",521.91765923201,1106.03789238787
"262",159.749411026472,1227.45002681016
"263",1694.53687037964,967.123073603502
"264",2921.65339537465,1044.01888358398
"265",1678.44241919607,1228.26442506882
"266",1619.60039847862,906.446617456538
"267",1646.2677169005,1046.90943999421
"268",1204.02337973638,1118.43727128845
"269",1403.67710718407,869.006384582886
"270",346.760513792269,903.766566964754
"271",1594.5482384007,979.029166201329
"272",555.435819853893,1186.15997212764
"273",563.828620225471,1160.23905819634
"274",684.597881027403,1364.76379091607
"275",418.738981365735,944.595086299777
"276",1137.14325584126,1101.85720844603
"277",2131.53345343505,953.369362756346
"278",836.353260813684,1276.29204774335
"279",312.983953064239,886.673291327129
"280",1342.05373834603,1184.14614150844
"281",1064.62322662547,1087.67150253658
"282",616.509674160432,899.772835275241
"283",1112.1168067525,852.735378841383
"284",1470.84005892519,1099.67481688011
"285",1039.00044430135,1050.94732109317
"286",1345.65578678147,1036.35848437627
"287",1241.37028133305,1095.08717306277
"288",430.675421123662,1004.33497242638
"289",235.633737395601,1208.75903202582
"290",273.665232181787,951.298864327007
"291",839.578048046316,974.583448881869
"292",789.388235634525,1082.32706126748
"293",1450.38329448681,1025.01967840188
"294",749.890108306606,753.505352378101
"295",860.459184843878,1166.53987721817
"296",1501.35919908768,1076.81822568901
"297",1475.90257313187,1400.54950685522
"298",179.813349844026,1218.4518341866
"299",2556.99789870879,883.439000376342
"300",691.285429279241,1155.2486150238
"301",1162.38629054615,709.792268443113
"302",1316.9002577705,899.912183106058
"303",234.499193631533,1031.85104912331
"304",1351.36732365295,996.126463830152
"305",565.140624188842,1071.71462776673
"306",2841.34615373945,989.843781190675
"307",928.804401833943,855.074764247413
"308",1827.58090552776,1228.96624106106
"309",1072.8399968698,1010.44709533202
"310",310.833136459039,1180.8898016346
"311",1367.01651105461,1008.95591847338
"312",218.281574112024,1156.39437228267
"313",1647.32768369568,1158.27594714662
"314",292.047692673539,967.552147212588
"315",2068.23101129575,941.805937975061
"316",939.380571087284,812.317500360472
"317",492.082402114184,969.200276522289
"318",1322.013597538,1234.99081119992
"319",41.1963817096064,854.853220942562
"320",1351.06537938051,991.377883101521
"321",608.493354657355,942.901292195255
"322",532.022666330713,730.047328366507
"323",1023.30276037694,795.556035619619
"324",3159.71096622946,1357.88029402994
"325",455.071178271661,976.288775158681
"326",1726.63845193936,849.626461278864
"327",43.8174559949327,1164.61978434957
"328",1238.64860646013,1006.55646525951
"329",236.442983183287,1261.17453162156
"330",743.421803216863,1058.58733379216
"331",838.075395358588,1084.75947517038
"332",605.19696403087,1025.81944679116
"333",1136.1606450653,1099.09049720825
"334",1842.04778614841,1112.33403939955
"335",328.154960390654,759.458138052283
"336",1292.91514726618,1142.84108246597
"337",615.680788904902,1049.58890116799
"338",1250.40628605654,1041.96374076984
"339",186.52072170402,815.609050690915
"340",853.900021153461,1130.07769772012
"341",1482.58464393978,1145.97667942029
"342",484.102297090818,1125.40479764626
"343",1239.7813677213,890.103582752232
"344",109.076010810488,1105.04867137799
"345",2016.41661088895,892.117530072298
"346",921.352503012249,1060.14993249923
"347",918.914642203966,835.651010033149
"348",930.775382405908,917.568195580533
"349",1112.24175068952,814.173514226095
"350",1143.4477014394,1081.8270134665
"351",1058.56233722094,1062.342798089
"352",1076.05186318479,1152.35069342261
"353",262.015860673037,883.17219702152
"354",836.06144625277,908.378437989826
"355",1069.13523923642,827.810619949416
"356",503.126628906207,956.182581730416
"357",1056.35224439596,986.718237560687
"358",328.577546059672,942.354318664269
"359",726.495714487598,669.385955465338
"360",655.703765909839,1010.6743406053
"361",1772.00498539722,1089.3239314514
"362",156.987412693006,958.571769251964
"363",585.058627099343,1238.70447244103
"364",613.002098576361,998.473723997556
"365",1057.8430741733,1032.4876394174
"366",324.418645010385,705.016605549152
"367",2936.81826623252,1219.17575114633
"368",917.244386671462,1271.39356962637
"369",594.89707472409,1073.58826569471
"370",238.624916848283,876.427479895989
"371",1124.34358877003,865.089139497205
"372",2908.75839606118,957.842359290098
"373",417.683987773627,820.065411275594
"374",841.02099802787,1048.83866740315
"375",568.089690470406,1196.59972709476
"376",1239.35027007677,1006.7661393077
"377",1352.80812202911,963.785534606561
"378",722.577371328977,1133.01042788719
"379",3034.01054766288,806.220244763802
"380",501.916353661701,1100.60047076292
"381",716.832133597,973.778536093937
"382",334.528761892146,1190.45600574197
"383",789.463356076815,788.894484068577
"384",279.409261424058,963.246318977688
"385",1061.15937937083,1009.28342711195
"386",111.413999483464,1097.78428419328
"387",202.10569774273,1136.12843286273
"388",366.039092728728,1070.42680509371
"389",550.271373774119,881.516403367432
"390",1208.8485779893,1106.15677755668
"391",1105.92705570119,1090.33143887507
"392",2499.79053230333,1225.71713010029
"393",3196.22069546551,1106.72787212236
"394",893.047905485446,1029.00189515214
"395",1459.7649493254,1021.82964579053
"396",907.890402602582,780.675803076462
"397",577.680144223575,1235.68814246315
"398",597.106616471041,849.3384830268
"399",172.865193313458,1108.27018229794
"400",226.919720602194,937.226847587301
"401",2190.6086592625,865.694304261076
"402",2843.27611617828,1029.6603044055
"403",612.334810503293,1011.37360896577
"404",1607.85561768827,908.013636690095
"405",691.132096017114,1148.45385680152
"406",439.920823644311,859.268124581945
"407",1508.10912223873,999.092847304522
"408",1715.56084825502,881.014592567365
"409",434.98703476308,1041.46085390203
"410",634.972614242442,864.561298600686
"411",651.419530056919,964.39314501819
"412",1534.87199908314,1041.50514135132
"413",2361.48499390917,1380.61494525051
"414",1270.18038851531,865.142836638342
"415",418.468212462741,962.36749229229
"416",1106.92788358186,1022.11966478809
"417",379.591169915863,973.40789044182
"418",1876.9243856688,1024.43821729945
"419",1041.08111265485,1132.94259624074
"420",460.316434213458,923.073634274049
"421",909.175297489143,1158.96354043953
"422",1535.67480831217,1145.13643426779
"423",969.62355611658,925.86048911946
"424",885.478374464717,1151.43247612544
"425",374.285083989528,1101.27186532469
"426",1345.26809578838,1211.27024649244
"427",1254.31583461788,657.866424461506
"428",2126.58566930766,1073.49282714502
"429",1052.7391915082,1142.97513216467
"430",612.981164497099,870.800802762194
"431",103.134445908749,867.592668710466
"432",376.110256817877,1174.44856823897
"433",331.596839969352,1016.34208354972
"434",862.563345225877,1121.21180973436
"435",733.863128412108,965.71828583487
"436",1169.82697162478,1084.12269916269
"437",532.230608233885,955.704135165366
"438",699.582695010378,834.426232693125
"439",1476.99511472902,880.487822957842
"440",880.707490834247,1244.88217866121
"441",1116.18030301067,841.292330596741
"442",2297.9837392066,983.456826446899
"443",911.630415106798,1054.14104968285
"444",1672.77427815103,965.46808946711
"445",384.185212397236,1069.93716380114
"446",2330.2997220866,1163.29909291581
"447",803.124942994922,1187.80343662646
"448",1262.24740624924,671.395076200252
"449",936.784339192887,1182.24070997427
"450",1016.09717526033,792.745028412701
"451",504.672294123648,842.921590926294
"452",681.83708040559,794.691004025793
"453",1399.95216569373,951.42818428618
"454",774.739379320685,1294.71164437365
"455",1300.9042563662,1183.52576932885
"456",1237.35831293513,1032.14696902307
"457",520.448808053131,1187.62070572507
"458",306.130618648917,989.694838032147
"459",725.464607090515,998.954039734945
"460",1748.16331302676,961.309961310678
"461",461.587430110573,917.237890280708
"462",1398.3960167912,1030.06454586597
"463",959.131961104152,846.597199069225
"464",1508.16565970154,996.669947808902
"465",342.396750352883,856.69667900465
"466",512.842589349842,915.451486956199
"467",1185.44919377474,1117.87328838075
"468",1020.07598246874,719.859630112109
"469",1392.66195111649,1144.17821854844
"470",1757.93319658996,1040.6233408666
"471",1499.59155756863,993.427377190694
"472",1125.45891365778,857.515644936866
"473",554.92368602048,923.432939610517
"474",464.984004305132,1055.99855906078
"475",1535.57817177462,937.99821602967
"476",608.342931232908,931.337999623112
"477",864.418645938218,838.847583377096
"478",1036.41184319888,652.954103885074
"479",431.894004679302,1005.0647070461
"480",1680.90625930814,1127.19408303707
"481",750.492980159804,1370.07144483654
"482",1492.38235443832,1132.35440169915
"483",432.963803450988,1060.1461622781
"484",742.927181916031,933.708011986515
"485",1912.22439436201,714.143636249879
"486",1130.10424755454,1181.48528426462
"487",2784.41482139575,942.272960315027
"488",1181.77741199004,1212.24227925453
"489",1469.19555602635,790.030759958131
"490",547.288452179209,949.547013915804
"491",1039.70083157236,950.798049885907
"492",1338.82785233329,898.192171662862
"493",989.541407668466,854.135623869483
"494",427.451144540826,1065.8900815266
"495",1651.89881752978,976.192443614632
"496",676.349315409833,972.37215162545
"497",538.40360202456,1042.42789105645
"498",113.649244310549,1083.8200979486
"499",374.21800392834,1075.47825062975
"500",845.085302321158,1184.57001937463
"501",1276.6476659926,851.87927405498
"502",262.768253360319,859.102287428433
"503",1582.34097546259,983.288983613789
"504",358.709712238123,968.057802207335
"505",5130.57595379639,1077.30689515051
"506",224.150330117798,764.882343173819
"507",969.911523240961,954.038624009288
"508",585.291079596432,982.414466169882
"509",854.799392021043,1013.90495971261
"510",257.074767869589,802.105983478806
"511",616.532180903486,1026.92200237381
"512",1196.5662147905,962.437061180605
"513",424.185255988272,1246.16227300381
"514",584.228090324806,947.404730748465
"515",503.978172913433,819.669920987264
"516",1341.64559295783,1082.25173875172
"517",904.11296341488,1034.89830911918
"518",374.570158696366,1103.0098472857
"519",5423.79056422304,799.362523290719
"520",1112.73479529983,992.772817034979
"521",1310.06975373249,853.838789578574
"522",1308.45967058082,844.630102685348
"523",584.825519730799,1149.49501856524
"524",1235.26650216233,1248.08995993323
"525",1057.14805785046,950.099046653721
"526",1762.57189083511,1087.02934178922
"527",599.016495974746,1028.66263957065
"528",1515.66950261335,777.125396947149
"529",548.83313316367,1075.02849741013
"530",1383.4941712361,957.36230745959
"531",1819.45457278688,819.319350837175
"532",1044.42393680222,938.935649422647
"533",1062.49099912018,1234.61809505593
"534",646.058035981854,1155.5080671116
"535",365.430056629924,1191.06329327035
"536",1103.42938711157,745.281178218472
"537",1978.71538182346,868.52680361764
"538",1120.64116309394,1131.92264209294
"539",916.002568496594,1085.03987101152
"540",1820.71660784125,815.705317079999
"541",678.453688449609,1026.95310514495
"542",2535.03759509227,1053.73820829119
"543",1638.05875283357,1218.50852135449
"544",446.693994306877,1011.93554827556
"545",1199.16778964902,778.764046055693
"546",1429.14370511977,1030.14948664559
"547",238.909408215755,1141.03431277421
"548",492.774029170389,912.541230867551
"549",547.174057420835,1217.37161688555
"550",414.515048914628,1125.47216175611
"551",528.758846278623,904.997659142598
"552",1172.72612843143,723.913353895425
"553",1657.28207137119,898.120061884111
"554",798.722752537028,1044.92936454967
"555",1910.34625432224,1299.72277545153
"556",910.953341821647,770.397433773478
"557",954.136922600042,1024.2999186541
"558",1031.67363565731,653.638483178217
"559",420.402538681877,882.286062497489
"560",1221.35261834067,1185.83010892035
"561",1002.06130866425,1243.17249109951
"562",1637.01078706045,1215.46145893689
"563",1320.39789195178,872.958739393516
"564",1002.55316389772,1050.40526216818
"565",495.237039293154,794.898122530741
"566",917.698653458636,1134.39711123371
"567",1005.0153030582,799.431997844002
"568",943.628748646598,833.166624830956
"569",235.067575882375,1124.57420516814
"570",809.805346533572,1046.02378598204
"571",1181.54633796704,876.76308352002
"572",1332.26939550438,609.138037946341
"573",376.085392023737,1127.70032534577
"574",1371.14721687071,1015.50467984745
"575",512.472861643918,1007.88045819943
"576",1902.06644069036,841.215301787877
"577",665.539481362643,1299.52458468243
"578",723.836877367563,991.196245093902
"579",294.36262017267,1149.94578908889
"580",1127.03923493265,1079.24534240969
"581",981.902798170588,1092.0018945523
"582",1103.39952141959,838.391912108866
"583",1212.43537949147,1110.77151597652
"584",878.456561487731,883.811638479518
"585",665.884749673179,904.551944470085
"586",1775.71078918651,1275.79035873116
"587",754.383136453404,700.211433282773
"588",171.566170418309,1021.60761051387
"589",107.759490455809,1060.35147464837
"590",2121.30595078468,1189.58691395045
"591",856.461879852694,1109.76867668512
"592",1146.4818184677,1190.32284495498
"593",568.750969390238,1019.65327330924
"594",1518.03136564424,819.452763081368
"595",1124.56809798236,1367.23019715999
"596",1768.9414343753,1028.0223400033
"597",463.360413561853,855.954442734598
"598",1346.63664671283,1164.36450276582
"599",1286.8249343011,1152.10325770503
"600",818.703674956495,1101.57232539141
"601",729.593813548037,767.698635671748
"602",2285.9174665937,1159.07552771357
"603",920.470294291653,1014.01665804924
"604",2052.95218788913,963.419605430675
"605",357.312602019488,1063.17511749357
"606",986.481153230452,1065.02706794819
"607",918.521102475275,831.594814938575
"608",1112.82102037467,1073.75933211351
"609",628.738050952492,1273.48304726121
"610",1257.5323932433,1039.76823837699
"611",2156.58743044126,1137.08466089462
"612",1415.53317286224,630.175584381528
"613",1075.15500424822,962.988997669264
"614",508.692634073472,1009.61732010868
"615",1529.49607058909,1181.93796615832
"616",195.070963592431,1008.00177598011
"617",649.760725512373,1187.73716178613
"618",330.164281834383,1028.78437137179
"619",1678.55692147626,1103.00899738182
"620",729.217937252245,833.764265673745
"621",1684.40081994542,980.357285454373
"622",1325.55326143548,1289.86658517995
"623",212.325788180471,857.191212663038
"624",466.529658387931,720.053070925892
"625",1192.78368131956,892.922755119897
"626",451.665048373007,1319.44218453083
"627",678.049746286977,1230.38650175347
"628",2887.04445931159,959.803674539439
"629",458.540115039904,762.679517652634
"630",437.598490075065,953.105135077897
"631",387.326447488996,895.781705361608
"632",906.590358536097,943.9428144634
"633",1513.4048118598,813.226623961143
"634",332.54669119249,1273.10553799632
"635",1436.54136726073,1240.24399492465
"636",2424.56987355278,946.282842396456
"637",860.494142896538,1154.29153206437
"638",866.836084168814,968.262638612403
"639",1429.6228517992,1034.16087228134
"640",288.038597592511,1127.57052329542
"641",211.062394511725,1184.3124253354
"642",1335.22966208164,1261.11547218597
"643",1500.54016949365,1099.97613379663
"644",1545.91368589743,972.865033465898
"645",269.895308894625,916.5596579761
"646",642.19221234109,1158.01989333723
"647",564.15460287312,910.758749847589
"648",1076.40699120414,765.858049050226
"649",2034.65877864465,1085.0125791525
"650",1264.69984259876,1192.844989894
"651",415.939294272741,1155.2042774625
"652",1809.54497945617,1144.60182216061
"653",1222.65282499286,1302.95194214162
"654",1920.43833768533,1087.46772721021
"655",1469.23943047428,941.883300248516
"656",328.371360082123,1234.54873145867
"657",1311.91479496151,1123.9134484292
"658",754.019687571882,1090.34049756128
"659",595.80420369149,942.314938835357
"660",1284.74002536646,1053.29844771732
"661",2509.72042314214,1068.76964510057
"662",1270.40437417485,957.167519713583
"663",591.625334828827,1324.39098449494
"664",1348.71779146997,997.897919268844
"665",1792.19459471205,1041.63074950053
"666",1207.28551377562,1297.95734351716
"667",1002.36839710199,923.976584402707
"668",757.404558838762,939.152056074178
"669",334.944781259817,1057.10703101815
"670",906.827448808794,892.189041097286
"671",639.033544852806,1070.06659228771
"672",183.998192061937,903.283976190059
"673",728.47371797583,847.420130035959
"674",1117.63981693209,1052.94087472147
"675",738.192115145713,1099.1749359853
"676",2047.04785643248,852.604050329724
"677",1931.40388147774,1007.43781197271
"678",2470.19491757729,1105.43373739384
"679",685.900399547527,770.900297252028
"680",1153.79476022783,914.550006031368
"681",1843.54420594895,907.754752985789
"682",336.336239210258,890.832690135491
"683",2448.75856179346,794.407193292071
"684",32.6626568712407,929.144664733262
"685",793.480219195188,1009.52338473248
"686",543.966458595967,1078.59659078581
"687",778.736071551267,1051.34851855746
"688",784.523478778047,1286.50749028576
"689",1662.62362828851,1070.69539663475
"690",1380.0322130461,1112.77741551021
"691",999.340871664398,1107.55008745381
"692",1172.33988699603,967.288736157419
"693",2292.35359969725,1174.3512860988
"694",686.448384484647,968.143445767723
"695",516.989266635883,989.702321691808
"696",992.507408030891,1001.7186203702
"697",2405.03973124932,1024.96624625575
"698",601.551025893762,1000.78833078311
"699",1422.94749821525,974.148712661757
"700",476.209651021846,1206.06449288313
"701",1035.13522523604,1163.92392541928
"702",968.809854517432,873.966616738157
"703",427.436810697391,1116.68600355793
"704",792.0213504558,1112.03845801929
"705",688.743072748827,929.379211506835
"706",1829.60386534254,791.922624893722
"707",2555.47560172565,1157.31462722195
"708",2040.80430850337,989.292759118029
"709",450.310290132169,988.653540727839
"710",3715.45115206991,913.49389866676
"711",586.917665095509,922.643494716047
"712",1267.86625066351,906.82930369489
"713",87.7309910229188,1138.990424647
"714",1832.54451036455,1155.71158190643
"715",358.694738351476,1233.14462492806
"716",762.637902902848,1060.75731760036
"717",1493.00151229452,1032.06318484239
"718",1531.68403230058,1038.93926129074
"719",1604.43854158415,1019.9490785614
"720",255.859617308087,1074.82896961907
"721",2026.71228395999,1019.3494117655
"722",1253.03984834102,1093.59050764
"723",2061.19475873368,1190.40459632795
"724",585.315316768731,959.930001167324
"725",1054.2410146562,1178.58490338846
"726",1136.95485150279,848.709702182075
"727",1118.76659676257,1003.93216418094
"728",1012.83983846972,941.625843292441
"729",746.55106151625,979.692949567714
"730",2155.62505330254,1104.9839717839
"731",788.345318468424,961.730028420506
"732",1882.29343565211,1287.85371486833
"733",323.294620014173,793.08088098107
"734",1202.51063470545,951.87418645386
"735",1883.16774732768,902.56427727168
"736",707.842554365049,1043.34454087882
"737",249.079564103033,1077.93191782651
"738",1330.94061164341,1000.36165454199
"739",1070.09848342888,1057.43249002017
"740",1750.59260483385,944.879301957849
"741",105.353229959093,896.752525900351
"742",626.656309028554,783.985919500459
"743",1376.95036464394,1090.56927985694
"744",2752.22594035355,845.624007116784
"745",556.682551417257,1188.26558290694
"746",1615.6822402517,942.036384858843
"747",1254.13132437486,744.233519372083
"748",394.456842739807,1032.63656877981
"749",1376.77429834474,1020.97227472506
"750",867.827914287207,1189.08690993842
"751",1912.40157346979,1102.18575388539
"752",1740.49424017266,1019.55307986161
"753",1205.60520095659,1071.91737969507
"754",321.037941349051,765.519139542904
"755",502.793691927769,944.990576917786
"756",1356.58587123782,782.950406787276
"757",1501.23340398132,1089.61907736769
"758",623.165343145975,811.930275311236
"759",713.15672130676,1027.69352812694
"760",1696.21667540563,960.332537406061
"761",336.435810021719,949.967445744134
"762",237.168245260498,893.400376939896
"763",293.839912740934,798.503266784454
"764",674.840190352249,771.608194600862
"765",1884.90145429893,957.821205826209
"766",2052.43015691654,1101.50820016862
"767",506.959251102456,943.121221476265
"768",304.187177940217,1033.60185978511
"769",253.983991903734,1181.61706201203
"770",2206.4836933651,908.56730085022
"771",875.544467673495,968.270614416422
"772",415.26931919169,897.0371101532
"773",999.671471272316,1039.42134767861
"774",1006.38289919139,1093.6740256399
"775",746.907714678634,1064.43425501587
"776",827.229057532963,746.191680849127
"777",1666.61827858231,1144.68983855055
"778",774.981344328699,1000.84053169964
"779",569.794441556996,1002.46943507213
"780",622.120024930013,1147.51322801458
"781",1132.8706650085,987.897042193909
"782",1290.8708867119,874.910886349764
"783",1455.03971299943,1093.13714397216
"784",1521.46910718064,853.176569543738
"785",924.543655902237,956.283810034284
"786",791.230969667169,979.303367099729
"787",489.980076452769,885.108666351368
"788",468.535873070679,1033.59552679387
"789",1360.49000549331,996.031586225221
"790",941.743277546115,895.728453312243
"791",2008.56813435791,799.707948319138
"792",1632.66315661019,1059.78336585123
"793",560.203783593681,938.438511381007
"794",322.270828520561,1252.08496348394
"795",2565.65242581202,993.665657589972
"796",1164.36961595482,1088.65760651094
"797",548.801057224372,1008.21713026603
"798",271.417573052244,947.787189036166
"799",1316.75913784302,1207.17242096579
"800",1711.75081824957,998.274331643794
"801",923.15315921108,970.892969359847
"802",1466.2595251226,934.781109769648
"803",1482.81162286005,1264.61797518093
"804",986.424150665772,984.663030029153
"805",1390.40322643644,915.618493441396
"806",1256.35911880451,955.91590488829
"807",905.567181965762,1159.67067223731
"808",786.948825619698,1098.29535199628
"809",1661.28777349454,1133.94540247646
"810",1208.02924382391,1084.48135059233
"811",1422.68679273034,1088.95257057525
"812",605.998089357101,987.464801156425
"813",1121.67140835502,1208.5501160644
"814",648.590064452758,975.989009960329
"815",498.284941666772,1075.19050254242
"816",1872.09879297775,996.960997670426
"817",496.268991033681,752.544516843569
"818",631.030112453792,1178.51496214268
"819",944.957326278853,908.204201313936
"820",825.66045456477,1025.64404907337
"821",843.292668049392,1348.78791019897
"822",1918.66572903079,994.075062417918
"823",638.628074150214,1261.23388646352
"824",1144.77445425176,916.298661423172
"825",1053.35745906316,785.674633650596
"826",1257.49593372866,989.128826461464
"827",1473.1335081468,1046.0831564274
"828",840.266364684367,709.821709588153
"829",1520.82278620786,1169.37652865464
"830",546.899538960411,1111.80845199896
"831",147.303302260175,1035.95390661707
"832",1487.56126715276,989.455889846874
"833",563.653410146112,781.932202853881
"834",1173.17789928843,1028.00499295691
"835",1446.28988245728,1082.07201050841
"836",1038.14240379041,851.778920803721
"837",1468.15816628079,991.700231535927
"838",701.284865969982,1117.57796992363
"839",683.163017947493,1070.65423358218
"840",299.992576268966,868.217133747398
"841",661.422955109366,890.244388265351
"842",818.749221161666,906.138250411762
"843",1527.31149697316,1182.48718807652
"844",3208.41287495351,885.437653199597
"845",824.9031900577,1135.59197482735
"846",448.299079283858,1173.02283067856
"847",4186.64964379373,991.533695555846
"848",690.920870048698,906.891466590569
"849",644.260507830948,1038.53264119316
"850",2346.07814098856,1114.04601708344
"851",861.025942542783,815.854205145875
"852",1401.01801334524,1036.9309422535
"853",1009.64373680644,1069.4223703192
"854",993.395743852812,841.04415030936
"855",1415.13949133386,815.325895035752
"856",2140.66863523297,572.642385157572
"857",1378.94405483037,1141.82497668355
"858",1001.37505096445,624.917017149869
"859",153.240696110718,1219.10782436662
"860",1022.08197654953,1165.07419257324
"861",591.41605028043,887.53106312905
"862",956.887215765827,1001.18128420167
"863",771.045085788152,1084.77826236004
"864",280.193047173031,1003.61355396237
"865",1334.99688118822,896.936050352251
"866",651.386881851865,922.875982544194
"867",289.187479025009,1142.47261992043
"868",1227.40131071508,983.860344055935
"869",1231.13637103559,1182.72026033165
"870",323.06195601106,1002.20613990963
"871",3158.13463709094,962.340531549502
"872",293.475125924302,879.479242423291
"873",1143.41610320708,794.138024188013
"874",1414.10192461822,843.523308628711
"875",1409.03308626704,1210.64127967595
"876",769.572493165792,1070.20436256258
"877",784.472571556985,969.524487400428
"878",958.133139369249,1080.10482700205
"879",249.512686651139,1024.76522929281
"880",548.954300616742,1081.69124244916
"881",940.355746135052,1004.04288128935
"882",1638.6805629685,769.246830559268
"883",1027.88822355112,1086.1566432098
"884",612.9728359668,776.750842336784
"885",915.348552493128,1156.26033266083
"886",344.460388566514,1002.40268073957
"887",1845.13097180494,941.442111656631
"888",1250.066451637,1086.54469140383
"889",718.238165635475,767.606420150574
"890",1202.184216143,1097.49146919078
"891",1317.11907064949,1046.21403071953
"892",984.732520382443,1068.44483695426
"893",1007.69445692306,1085.18354162137
"894",520.581510531549,977.681154012087
"895",327.395051571494,849.467000352025
"896",479.978270414751,910.687806077254
"897",1336.71178298662,1152.7603960858
"898",2214.57064578867,1193.78637173243
"899",450.949295685245,1109.52444314599
"900",504.531835446339,1181.98961613616
"901",138.715889826404,1124.84281554577
"902",1351.82216990521,949.873619291719
"903",1215.50992003527,1236.15773354308
"904",772.364157271352,932.175720768663
"905",378.210840982315,1152.97412513746
"906",830.522081742449,1072.40266481193
"907",506.486218233919,923.661035867837
"908",404.810670084929,1014.26494491321
"909",1509.6256824638,956.646735137541
"910",585.248240993938,1025.88788708489
"911",2481.42100161241,890.39387174502
"912",856.588770922771,1209.64350378496
"913",343.482440051714,1132.98751553535
"914",1221.92742615224,1088.86342076487
"915",642.722614456885,1137.40446073565
"916",2516.07721627246,611.431836372141
"917",700.449095924247,892.929804991191
"918",378.372968284922,1059.43516905138
"919",876.877660942391,1062.12135135901
"920",502.358375593418,924.013004104796
"921",1122.40914329148,1117.51983488592
"922",1963.75460418203,953.157178242219
"923",1151.33599571371,874.225146961544
"924",280.231012885258,1032.6242701651
"925",1152.83397585327,1015.81372881227
"926",406.805285381993,992.057832024065
"927",942.722652145916,1045.78076527109
"928",626.69838694799,887.263605554995
"929",1223.35168891924,974.788393939722
"930",1288.15543587757,1308.03186754129
"931",435.393471865115,926.657215536465
"932",1122.9078042175,671.157899842889
"933",800.566817295792,1098.24409656191
"934",345.84969517569,1169.72600890703
"935",364.673923814324,686.397690030302
"936",1718.33660737137,803.298129879959
"937",762.83992720893,1128.32771166494
"938",1077.63169799036,1268.7076136022
"939",1043.06210227049,1199.27010023771
"940",334.555650107897,957.386493555342
"941",2216.95896868795,1032.87584343327
"942",2097.81019588979,915.991129835424
"943",712.54082049508,963.310139399479
"944",2929.16371481374,1223.16434121981
"945",1597.99832877955,850.796140487476
"946",721.806490012214,787.087403710787
"947",1481.59808801879,1033.43442187059
"948",1537.32299492159,889.772560758965
"949",809.648073164634,1027.61277444196
"950",903.918297457648,741.727048322879
"951",1912.03639409105,1070.0029899475
"952",72.3506959349156,1141.4533136629
"953",918.030326811386,1000.34159956171
"954",1910.48495589311,957.702337118782
"955",1029.01394687297,981.650588162936
"956",863.955545725635,809.893137951566
"957",2340.31064701095,986.111180845713
"958",286.544533707095,859.779252127468
"959",1861.66468471437,932.49834016617
"960",897.086747492309,761.007944823848
"961",264.647625565841,1180.23414131588
"962",932.28823113355,1373.37370621745
"963",1141.69793405637,1071.4103108573
"964",368.107332194812,1131.44474192305
"965",988.812928724855,866.137125697802
"966",791.647400220461,913.172582576854
"967",1329.62675238595,977.991068643445
"968",773.122867096172,1059.9643442058
"969",272.144544886062,820.996493943397
"970",408.98330017469,878.46515159444
"971",307.714967836433,1132.62876407376
"972",1721.6690822295,957.367145960822
"973",1337.4724867418,988.251846416114
"974",470.856376203174,971.489010924345
"975",383.942193745341,1228.71683709633
"976",1854.85598136252,1425.9591630251
"977",358.450506826652,851.893203311648
"978",1068.27608595613,1042.0502592306
"979",684.796449203249,995.934113776676
"980",356.779202459245,942.018282579199
"981",334.362507177089,1143.7824306192
"982",545.578456412088,968.676717186084
"983",99.4999878374745,946.95054073433
"984",1904.69531766215,1096.17263982971
"985",140.215581180724,1182.03833023229
"986",972.434410868592,905.861885357454
"987",1530.76157512086,884.122338021082
"988",890.065513048425,1014.1970235289
"989",174.888502480788,923.043649578804
"990",621.64237834793,774.39808276874
"991",301.33210377253,986.252449012473
"992",335.963730430353,1277.87497905086
"993",2180.73756869361,788.721858028874
"994",868.064507818799,1094.27153957419
"995",335.551150435807,1083.22339285261
"996",703.382146019192,801.344819259073
"997",502.97342344887,827.25581844847
"998",1908.27350531207,1181.48650260946
"999",1456.80319595468,835.384807923016
"1000",990.822534897321,1104.89625468517
